
/* INSERIMENTO ROLE*/
INSERT INTO `AsteOnline`.`Role` (`idRole`, `name`) VALUES ('700', 'Utente Base');
INSERT INTO `AsteOnline`.`Role` (`idRole`, `name`) VALUES ('701', 'Utente Manager');
INSERT INTO `AsteOnline`.`Role` (`idRole`, `name`) VALUES ('702', 'Amministratore');

/* INSERIMENTO AuthenticationData*/
INSERT INTO AuthenticationData (idAuthentication,username,password,registrationDatetime,idRole) VALUES (600,"Dorothy","Sagittis Limited","2019-08-03 23:58:15",701),(601,"Kelsey","Non Hendrerit Corporation","2019-08-20 10:39:44",700),(602,"Forrest","Quis Pede LLC","2019-12-17 19:05:02",701),(603,"Nyssa","Dis Industries","2019-09-26 01:21:07",702),(604,"Ignacia","Curabitur Egestas Nunc Industries","2019-07-27 12:15:02",702),(605,"David","Eget Ipsum Donec Associates","2019-12-02 04:00:22",702),(606,"Florence","Euismod Associates","2019-08-03 05:08:05",701),(607,"Arthur","Mauris Vel Institute","2019-12-27 19:34:17",702),(608,"Hasad","Mi Aliquam Gravida Inc.","2019-07-05 13:43:20",702),(609,"Harding","Lacus Quisque Industries","2019-11-20 19:01:00",700);
INSERT INTO AuthenticationData (idAuthentication,username,password,registrationDatetime,idRole) VALUES (610,"Coby","Pellentesque Limited","2019-07-14 20:39:53",700),(611,"Deborah","Aenean Eget Limited","2019-09-29 12:09:52",702),(612,"Sloane","Semper Egestas Urna Foundation","2019-12-23 10:18:48",701),(613,"Patrick","Etiam Ltd","2019-09-27 02:38:13",702),(614,"Barrett","Vel Turpis Aliquam Institute","2019-10-12 00:26:56",701),(615,"Barrett","Consequat PC","2019-09-26 18:39:41",700),(616,"Signe","Duis At Lacus Consulting","2019-07-13 21:51:48",701),(617,"Ivan","Est Inc.","2019-10-20 21:41:04",701),(618,"Jayme","Eget Magna Suspendisse PC","2019-09-11 08:46:05",701),(619,"Fletcher","Fringilla Euismod Ltd","2019-09-14 16:11:52",700);
INSERT INTO AuthenticationData (idAuthentication,username,password,registrationDatetime,idRole) VALUES (620,"Zephr","Vitae Corp.","2019-09-08 09:30:12",701),(621,"Honorato","Ut Corporation","2019-10-04 01:05:44",700),(622,"Lunea","Commodo Tincidunt Institute","2019-10-13 05:56:21",700),(623,"Olympia","Molestie Orci Tincidunt Consulting","2019-07-02 02:37:55",700),(624,"Davis","Nullam Vitae Ltd","2019-10-02 00:03:46",700),(625,"Wyoming","Sed Auctor Limited","2019-10-13 22:49:23",700),(626,"Macaulay","Feugiat Ltd","2019-09-27 06:15:31",702),(627,"Sawyer","Adipiscing Corp.","2019-11-07 15:33:26",702),(628,"Basia","Imperdiet Non Consulting","2019-12-03 23:32:15",702),(629,"Rhea","Vel Ltd","2019-10-06 23:18:39",700);
INSERT INTO AuthenticationData (idAuthentication,username,password,registrationDatetime,idRole) VALUES (630,"Chadwick","Nascetur Ridiculus Corporation","2019-12-11 01:48:46",701),(631,"Patrick","Amet Faucibus PC","2019-08-31 04:39:37",702),(632,"Henry","Lorem Tristique Consulting","2019-10-01 21:47:26",702),(633,"Basia","Eget Metus Foundation","2019-10-01 20:28:44",700),(634,"Dorian","Vulputate Mauris Foundation","2019-09-08 14:38:50",700),(635,"Kermit","Dui Associates","2019-12-02 22:04:18",701),(636,"Hedy","Tortor At LLP","2019-10-22 02:18:41",701),(637,"Amelia","Urna Nullam LLP","2019-07-19 03:03:17",700),(638,"Charles","Purus Corporation","2019-08-08 10:52:50",702),(639,"Camden","Commodo Foundation","2019-09-20 16:48:03",701);
INSERT INTO AuthenticationData (idAuthentication,username,password,registrationDatetime,idRole) VALUES (640,"Porter","Diam Vel Arcu Corp.","2019-11-08 08:52:39",701),(641,"Caldwell","Hendrerit Donec Porttitor Industries","2019-11-19 22:36:39",701),(642,"Oren","Consequat Auctor Corporation","2019-09-30 19:33:32",700),(643,"Xena","Sem Foundation","2019-12-01 04:47:11",702),(644,"Quinn","Ac Mattis Velit LLC","2019-11-16 16:58:36",700),(645,"Howard","Proin Vel Arcu LLP","2019-11-13 11:19:21",702),(646,"Nerea","Nec PC","2019-12-16 15:35:08",701),(647,"Candice","Primis In Faucibus Inc.","2019-11-29 19:48:08",701),(648,"Otto","Faucibus Associates","2019-11-23 07:39:24",700),(649,"Savannah","Libero Nec Ligula Inc.","2019-07-15 01:27:11",702);
INSERT INTO AuthenticationData (idAuthentication,username,password,registrationDatetime,idRole) VALUES (650,"Josephine","Orci Sem Institute","2019-11-13 23:30:28",701),(651,"Graiden","Enim Curabitur Institute","2019-12-12 08:14:12",701),(652,"Penelope","Pede Nunc Foundation","2019-09-24 22:21:26",702),(653,"Bryar","Tincidunt Adipiscing Incorporated","2019-09-28 17:28:12",701),(654,"Sloane","Nunc Lectus Pede Company","2019-10-15 18:11:51",700),(655,"Avram","Eget Inc.","2019-07-02 16:41:35",701),(656,"Beau","Vitae Purus Consulting","2019-07-29 23:54:52",702),(657,"Christopher","Sit Industries","2019-12-26 15:38:03",700),(658,"Byron","Sit Amet Limited","2019-11-07 03:53:43",701),(659,"Kay","Accumsan Interdum LLC","2019-09-28 05:38:16",701);
INSERT INTO AuthenticationData (idAuthentication,username,password,registrationDatetime,idRole) VALUES (660,"Irene","Vestibulum Associates","2019-07-24 15:51:43",702),(661,"Gil","Ut Consulting","2019-12-14 06:22:30",702),(662,"Tucker","Aliquam Nec Enim Limited","2019-07-05 20:28:47",700),(663,"Rashad","Ipsum LLC","2019-11-17 19:27:02",702),(664,"Margaret","Eu Lacus Quisque Ltd","2019-08-18 04:29:51",702),(665,"Chastity","At Pretium Corp.","2019-09-20 18:34:12",701),(666,"Moses","Nulla LLC","2019-12-09 23:37:33",701),(667,"Maggy","Tincidunt Limited","2019-08-24 02:39:36",702),(668,"Kaden","Lacinia Vitae Sodales LLC","2019-12-14 05:20:02",701),(669,"Alexa","Ut Eros Non LLP","2019-10-19 22:39:09",701);
INSERT INTO AuthenticationData (idAuthentication,username,password,registrationDatetime,idRole) VALUES (670,"Dahlia","Odio Etiam Ligula Industries","2019-09-20 13:41:29",701),(671,"Matthew","Sodales Institute","2019-07-14 17:06:04",701),(672,"Chancellor","Ac PC","2019-07-20 09:35:47",701),(673,"Reagan","Dolor Sit Company","2019-12-10 13:37:09",701),(674,"Reagan","Pede Foundation","2019-07-07 20:56:16",700),(675,"Omar","Id Sapien PC","2019-10-07 23:50:26",702),(676,"Eugenia","Aliquam Ultrices Iaculis Inc.","2019-07-26 21:03:00",700),(677,"Thor","Mauris Sapien Cursus LLP","2019-10-18 07:47:22",700),(678,"Virginia","Eleifend Egestas Sed Industries","2019-08-09 13:46:42",702),(679,"Cooper","Ac Foundation","2019-07-03 10:02:24",702);
INSERT INTO AuthenticationData (idAuthentication,username,password,registrationDatetime,idRole) VALUES (680,"Lance","Dictum PC","2019-11-04 16:43:22",700),(681,"Isabella","Ac Corporation","2019-07-07 18:39:37",702),(682,"Liberty","A Enim Suspendisse Limited","2019-12-19 22:52:26",701),(683,"Jenna","Nulla Dignissim Company","2019-10-11 17:04:15",702),(684,"Todd","Enim Etiam Industries","2019-11-20 02:15:26",702),(685,"Hayes","Nam Consequat LLP","2019-10-19 11:31:13",702),(686,"Stuart","Turpis Nec Mauris PC","2019-08-01 14:04:36",700),(687,"Keelie","Sagittis Felis Inc.","2019-10-18 14:47:28",701),(688,"Salvador","In Corp.","2019-11-27 02:23:15",700),(689,"Rebekah","Molestie Ltd","2019-07-27 00:15:15",700);
INSERT INTO AuthenticationData (idAuthentication,username,password,registrationDatetime,idRole) VALUES (690,"Wing","Blandit Consulting","2019-07-16 03:15:05",700),(691,"Mercedes","Magna Corp.","2019-12-07 15:29:33",700),(692,"Finn","Aliquam Tincidunt Industries","2019-10-04 08:45:45",702),(693,"Cyrus","Velit Dui Semper Ltd","2019-10-01 03:01:23",702),(694,"Kato","Orci LLC","2019-07-18 06:58:10",701),(695,"Kiona","Vulputate Risus Limited","2019-10-27 01:08:58",702),(696,"Clayton","Dolor Industries","2019-12-22 10:05:59",700),(697,"Judith","Sociis Natoque Penatibus Company","2019-11-08 13:29:33",702),(698,"Cheryl","Elit LLC","2019-12-11 16:34:19",700),(699,"Cheyenne","Ut Eros Foundation","2019-07-20 02:45:11",700);


/* INSERIMENTO Addresses */
INSERT INTO Addresses (idAddress,street,city,province,nation,houseNumber,postalCode) VALUES (300,"P.O. Box 910, 8211 Sed Av.","San Mauro Marchesato","Calabria","Singapore",10,20000),(301,"P.O. Box 183, 630 Sit St.","Castel Giorgio","Umbria","Tuvalu",11,20010),(302,"P.O. Box 190, 6243 In Street","Minturno","LAZ","Saint Helena, Ascension and Tristan da Cunha",12,20020),(303,"3145 Suspendisse Ave","Tribogna","LIG","Cape Verde",13,20030),(304,"232-2760 A, Rd.","Vico nel Lazio","Lazio","Reunion",14,20040),(305,"7900 Nonummy Ave","Sellano","Umbria","Dominican Republic",15,20050),(306,"P.O. Box 983, 6342 Augue Av.","Conca Casale","Molise","Monaco",16,20060),(307,"P.O. Box 242, 4231 Lacus Avenue","Torrevecchia Teatina","ABR","Argentina",17,20070),(308,"653-3606 Vulputate Ave","Monticelli d'Ongina","Emilia-Romagna","Georgia",18,20080),(309,"441-759 Urna. Road","Surbo","PUG","French Polynesia",19,20090);
INSERT INTO Addresses (idAddress,street,city,province,nation,houseNumber,postalCode) VALUES (310,"P.O. Box 796, 8037 Neque. Road","Gagliato","Calabria","Congo, the Democratic Republic of the",20,20100),(311,"P.O. Box 251, 3637 Pharetra Street","Castelnuovo Magra","Liguria","Puerto Rico",21,20110),(312,"Ap #133-9511 Ut Avenue","Sant'Eusanio Forconese","ABR","New Zealand",22,20120),(313,"888-8089 Eget, Av.","Attigliano","Umbria","Sweden",23,20130),(314,"460-7624 In Av.","San Giacomo degli Schiavoni","Molise","Cuba",24,20140),(315,"215-2695 Cursus Rd.","Berceto","Emilia-Romagna","Lebanon",25,20150),(316,"Ap #710-9430 Dui Road","Pietraroja","CAM","Solomon Islands",26,20160),(317,"5040 Purus, Ave","Ferrandina","Basilicata","French Southern Territories",27,20170),(318,"Ap #834-4688 Pellentesque. Rd.","Salerno","CAM","Togo",28,20180),(319,"P.O. Box 168, 2506 In Avenue","Roveredo in Piano","FVG","Syria",29,20190);
INSERT INTO Addresses (idAddress,street,city,province,nation,houseNumber,postalCode) VALUES (320,"P.O. Box 603, 5378 Vulputate Ave","Cimitile","Campania","Kazakhstan",30,20200),(321,"Ap #813-9865 In Av.","Santa Marina","CAM","Albania",31,20210),(322,"4390 Libero. Street","Oderzo","Veneto","Tajikistan",32,20220),(323,"162-916 Non Road","Tresigallo","ERM","Chile",33,20230),(324,"P.O. Box 907, 8960 Nec St.","Ancarano","ABR","Tuvalu",34,20240),(325,"Ap #597-5046 Enim Avenue","Masullas","SAR","Belize",35,20250),(326,"206 Suspendisse Road","Portobuffolè","VEN","Maldives",36,20260),(327,"Ap #225-6346 In Rd.","Pastena","LAZ","Laos",37,20270),(328,"2484 Tellus. St.","Ladispoli","Lazio","Reunion",38,20280),(329,"P.O. Box 480, 8894 Semper Street","Chiaromonte","BAS","Korea, North",39,20290);
INSERT INTO Addresses (idAddress,street,city,province,nation,houseNumber,postalCode) VALUES (330,"P.O. Box 930, 5124 Montes, Av.","Fiumara","Calabria","Panama",40,20300),(331,"P.O. Box 409, 3850 Eleifend St.","Penna San Giovanni","MAR","Maldives",41,20310),(332,"294-5540 Elit, Avenue","Giurdignano","PUG","Mozambique",42,20320),(333,"853-634 Per Rd.","Annone di Brianza","LOM","Nicaragua",43,20330),(334,"742 Sit Ave","Termeno sulla strada del vino/Tramin an der Weinstrasse","Trentino-Alto Adige","Colombia",44,20340),(335,"P.O. Box 315, 6497 Amet, Road","Brusson","VDA","Seychelles",45,20350),(336,"3187 Sed Road","Ilbono","SAR","Bermuda",46,20360),(337,"Ap #677-7411 Viverra. Rd.","Massa Martana","UMB","Nigeria",47,20370),(338,"Ap #108-3616 Parturient Street","Foligno","UMB","Niger",48,20380),(339,"9580 Sit Avenue","Rocca di Cambio","Abruzzo","Anguilla",49,20390);
INSERT INTO Addresses (idAddress,street,city,province,nation,houseNumber,postalCode) VALUES (340,"P.O. Box 236, 5059 Integer Street","Esterzili","SAR","Burundi",50,20400),(341,"Ap #524-4302 Quisque Ave","Lusevera","FVG","Mongolia",51,20410),(342,"6803 Phasellus Ave","Bolzano Vicentino","VEN","Cyprus",52,20420),(343,"P.O. Box 487, 484 Nisi. Street","Verona","VEN","Malta",53,20430),(344,"Ap #928-811 Duis St.","Palmiano","Marche","Brazil",54,20440),(345,"8962 Nostra, St.","Rosciano","Abruzzo","Portugal",55,20450),(346,"Ap #742-428 Dolor. St.","Paularo","FVG","Brazil",56,20460),(347,"Ap #300-5657 Sed Rd.","Palagano","Emilia-Romagna","Mongolia",57,20470),(348,"P.O. Box 144, 6652 Nulla Ave","Baricella","Emilia-Romagna","Malta",58,20480),(349,"Ap #810-2190 Quis Avenue","Pietrarubbia","MAR","Barbados",59,20490);
INSERT INTO Addresses (idAddress,street,city,province,nation,houseNumber,postalCode) VALUES (350,"900-1188 Ligula. Ave","Rosciano","ABR","Germany",60,20500),(351,"410-5991 Luctus St.","Sorgà","VEN","South Sudan",61,20510),(352,"P.O. Box 768, 2828 Eget Av.","Colorno","ERM","Suriname",62,20520),(353,"370-6682 Fusce Rd.","Manoppello","ABR","Gabon",63,20530),(354,"P.O. Box 632, 6791 Eget Avenue","Otricoli","Umbria","Armenia",64,20540),(355,"4700 Rutrum. Street","Acciano","ABR","Netherlands",65,20550),(356,"P.O. Box 411, 9402 Egestas Av.","Pontboset","Valle d'Aosta","Jamaica",66,20560),(357,"Ap #932-6066 Dapibus Ave","San Mauro Cilento","CAM","Equatorial Guinea",67,20570),(358,"Ap #225-9741 Fermentum Rd.","Matera","Basilicata","Poland",68,20580),(359,"Ap #706-6940 Hendrerit Street","Siculiana","SIC","Bhutan",69,20590);
INSERT INTO Addresses (idAddress,street,city,province,nation,houseNumber,postalCode) VALUES (360,"150-4450 Sed Road","Cavaso del Tomba","VEN","Slovakia",70,20600),(361,"P.O. Box 952, 2445 In St.","San Sostene","Calabria","Austria",71,20610),(362,"Ap #756-4608 Etiam Street","Rosolini","Sicilia","Cook Islands",72,20620),(363,"P.O. Box 936, 5649 Mauris Road","Lugnano in Teverina","UMB","Zimbabwe",73,20630),(364,"255 Metus Road","Filacciano","LAZ","Uganda",74,20640),(365,"Ap #914-1912 Faucibus. St.","Palanzano","ERM","Vanuatu",75,20650),(366,"5275 Nascetur Avenue","Pramaggiore","VEN","Senegal",76,20660),(367,"P.O. Box 807, 8740 Varius. St.","Scanzano Jonico","BAS","Lithuania",77,20670),(368,"Ap #990-6170 Cras Road","Blevio","LOM","Viet Nam",78,20680),(369,"5731 Vel Road","Ollolai","SAR","Benin",79,20690);
INSERT INTO Addresses (idAddress,street,city,province,nation,houseNumber,postalCode) VALUES (370,"135-5493 Dui St.","Pontboset","VDA","American Samoa",80,20700),(371,"Ap #580-4320 Odio Rd.","San Vito al Tagliamento","Friuli-Venezia Giulia","Mauritania",81,20710),(372,"1536 Nulla St.","San Giovanni la Punta","Sicilia","Burundi",82,20720),(373,"P.O. Box 560, 4558 Tellus Road","Santa Fiora","Toscana","Vanuatu",83,20730),(374,"Ap #268-219 Tristique Av.","Valfabbrica","Umbria","Cuba",84,20740),(375,"Ap #138-4563 Vehicula. St.","Bonvicino","Piemonte","Latvia",85,20750),(376,"Ap #143-9776 Ac Ave","Scheggino","UMB","Italy",86,20760),(377,"125-5595 Ultrices St.","Cerignola","PUG","South Sudan",87,20770),(378,"918-2411 Odio Street","Rosciano","ABR","Jamaica",88,20780),(379,"3188 Lorem, Rd.","Scena/Schenna","Trentino-Alto Adige","Saint Barthélemy",89,20790);
INSERT INTO Addresses (idAddress,street,city,province,nation,houseNumber,postalCode) VALUES (380,"501-6483 Et Ave","Nocera Umbra","UMB","Papua New Guinea",90,20800),(381,"119-3892 Rutrum Av.","Santa Croce sull'Arno","Toscana","Viet Nam",91,20810),(382,"800-7739 Aliquam St.","Palombaro","Abruzzo","Falkland Islands",92,20820),(383,"Ap #427-2193 Nunc St.","Sepino","MOL","Cocos (Keeling) Islands",93,20830),(384,"Ap #452-9633 Consequat Av.","Santa Maria a Monte","Toscana","Chad",94,20840),(385,"472-4672 Vitae Avenue","Esterzili","Sardegna","Macedonia",95,20850),(386,"5837 Faucibus St.","Chiusa Sclafani","SIC","Ethiopia",96,20860),(387,"P.O. Box 779, 7641 Ut Rd.","Sissa","Emilia-Romagna","Cayman Islands",97,20870),(388,"Ap #724-696 Interdum St.","San Giorgio Albanese","Calabria","Chad",98,20880),(389,"Ap #144-7109 Luctus. Av.","Busso","MOL","Martinique",99,20890);
INSERT INTO Addresses (idAddress,street,city,province,nation,houseNumber,postalCode) VALUES (390,"Ap 492-7451 Ornare St.","Sant'Onofrio","CAL","Syria",100,20900),(391,"5878 Sed, Ave","Artena","LAZ","Brunei",101,20910),(392,"Ap #470-3078 Pharetra Avenue","Tramonti di Sopra","FVG","Armenia",102,20920),(393,"834-8148 Convallis Av.","Cerignola","PUG","Palestine, State of",103,20930),(394,"Ap #365-8281 Turpis Rd.","Squillace","Calabria","Cook Islands",104,20940),(395,"Ap #445-5656 Semper Ave","Gubbio","Umbria","Ukraine",105,20950),(396,"469-865 Et Av.","Follina","Veneto","Thailand",106,20960),(397,"971-4036 Lorem St.","Ilbono","SAR","Kiribati",107,20970),(398,"Ap #167-7584 Euismod St.","Palestrina","LAZ","Tunisia",108,20980),(399,"442-9927 Amet Rd.","Coreglia Antelminelli","TOS","Mauritania",109,20990);


/* INSERIMENTO UsersAccount */
INSERT INTO UsersAccount (id,name,surname,email,telephone,smsNotifications,emailNotifications,creditCardNumber,numberOfCredits,idAddress,idAuthentication) VALUES (20,"Aaron","Vega","penatibus.et@perinceptos.co.uk","372-451-5647",1,0,"8",158,354,601),(21,"Aquila","Tucker","elementum@molestiearcu.net","328-296-3811",0,0,"2",174,326,622),(22,"Kasimir","Brennan","Curabitur.ut.odio@tinciduntnibh.com","316-735-1366",1,1,"5",130,354,656),(23,"Jemima","Skinner","Integer.aliquam.adipiscing@erat.ca","353-665-8692",1,1,"3",116,310,663),(24,"Wynter","Garza","egestas.ligula@liberoet.edu","327-478-7177",1,1,"2",173,396,663),(25,"Laura","Knight","non.enim.Mauris@montesnascetur.co.uk","364-696-9868",0,1,"6",148,304,614),(26,"Warren","Kennedy","Phasellus@rutrummagna.ca","380-192-5033",1,1,"3",170,356,692),(27,"Gisela","Pittman","Sed.et.libero@aliquamenim.com","307-803-1396",0,0,"4",101,380,695),(28,"Sydney","Riley","scelerisque.scelerisque.dui@Vestibulumanteipsum.co.uk","330-650-6762",0,1,"2",59,324,634),(29,"Marshall","Benton","neque@inhendreritconsectetuer.edu","301-970-2027",0,1,"4",79,352,650);
INSERT INTO UsersAccount (id,name,surname,email,telephone,smsNotifications,emailNotifications,creditCardNumber,numberOfCredits,idAddress,idAuthentication) VALUES (30,"Blossom","Mendoza","non.quam@liberoProin.co.uk","327-240-2888",1,1,"8",121,310,613),(31,"Tanisha","Fowler","orci.Ut@nislsemconsequat.org","375-908-6387",0,1,"2",144,346,615),(32,"Noah","Buckley","Integer.vitae.nibh@erosProinultrices.co.uk","361-584-5873",0,0,"9",92,316,614),(33,"Shannon","Francis","eget.laoreet.posuere@tortor.ca","354-055-7120",1,1,"7",62,331,654),(34,"Kathleen","Hobbs","Vestibulum.ut@perinceptoshymenaeos.co.uk","303-017-1718",0,0,"9",158,323,633),(35,"Denise","Norman","tincidunt.neque.vitae@Suspendisse.ca","300-605-6464",0,0,"1",168,387,619),(36,"Kadeem","Short","at.velit@vitae.com","323-478-8628",0,0,"2",123,364,623),(37,"Lucius","Oconnor","eu.augue.porttitor@ligulaAliquam.com","332-411-5315",0,1,"1",68,303,617),(38,"Reed","Henson","ipsum@risusIn.ca","379-466-9263",0,0,"5",186,341,694),(39,"Angelica","Campos","mauris@Aeneangravidanunc.net","312-870-1695",1,0,"9",147,390,689);
INSERT INTO UsersAccount (id,name,surname,email,telephone,smsNotifications,emailNotifications,creditCardNumber,numberOfCredits,idAddress,idAuthentication) VALUES (40,"Jade","Cantu","Etiam.bibendum@parturientmontesnascetur.net","375-297-9990",1,1,"6",67,369,604),(41,"Guy","Ellis","vitae@arcuCurabitur.co.uk","324-791-4788",0,1,"3",175,312,604),(42,"Kirsten","Lester","vitae.diam@turpisegestas.co.uk","365-890-9124",0,0,"1",200,347,695),(43,"Neville","Durham","luctus.aliquet@nislQuisque.edu","388-292-5673",0,1,"3",60,352,639),(44,"Jaquelyn","Chase","nulla@arcuAliquam.ca","374-917-9636",0,0,"3",126,378,699),(45,"Marah","Carpenter","adipiscing.elit@nonquam.ca","325-062-6958",0,0,"5",134,388,649),(46,"Aretha","Hartman","vulputate.eu.odio@utmi.net","307-472-5896",1,1,"8",106,380,649),(47,"Duncan","Molina","Praesent.luctus.Curabitur@Duis.org","319-111-0135",1,0,"5",147,302,694),(48,"Bruno","Goodwin","arcu@sodalesat.com","340-111-1769",0,0,"2",66,315,675),(49,"Lisandra","Alford","sodales@Inscelerisque.ca","340-741-0996",1,1,"7",92,393,621);
INSERT INTO UsersAccount (id,name,surname,email,telephone,smsNotifications,emailNotifications,creditCardNumber,numberOfCredits,idAddress,idAuthentication) VALUES (50,"Fredericka","Bauer","eu.euismod@eratin.org","382-731-8510",0,0,"9",164,348,663),(51,"Nathaniel","Fitzgerald","id.magna@necante.co.uk","385-233-9598",1,0,"5",158,347,602),(52,"Hedwig","Nixon","eget@tempus.ca","362-816-2344",0,1,"8",138,321,600),(53,"Diana","Higgins","et@dictummiac.com","344-812-5245",0,1,"5",102,319,608),(54,"Valentine","Gaines","urna.Nullam.lobortis@Vestibulumut.org","310-155-0244",1,0,"8",122,354,617),(55,"Tasha","Morgan","nonummy.ut.molestie@Aenean.co.uk","355-835-8997",1,0,"9",145,303,627),(56,"Tucker","Bowers","Fusce@a.com","382-855-4118",0,1,"4",99,385,603),(57,"Ethan","Slater","metus.eu@aliquetdiamSed.co.uk","326-850-1241",0,0,"4",92,390,656),(58,"Cecilia","Joyce","augue.malesuada.malesuada@CraspellentesqueSed.net","388-414-3363",0,0,"9",171,313,635),(59,"Merrill","Mcmahon","varius.ultrices.mauris@inconsectetuer.com","377-045-8021",0,1,"7",70,369,689);
INSERT INTO UsersAccount (id,name,surname,email,telephone,smsNotifications,emailNotifications,creditCardNumber,numberOfCredits,idAddress,idAuthentication) VALUES (60,"Miriam","Cain","Curabitur.sed.tortor@portaelit.net","339-010-8873",0,1,"7",95,343,666),(61,"Elmo","Stout","ante.lectus.convallis@necenim.ca","359-902-4472",1,0,"6",131,335,653),(62,"Lael","Sharp","est@Phasellus.net","372-498-3277",0,0,"7",101,333,668),(63,"Philip","Fisher","porttitor@urna.org","342-294-4561",1,1,"9",139,313,603),(64,"Chancellor","Horton","Cum@Quisque.co.uk","365-134-5217",0,0,"2",115,398,626),(65,"Calvin","Chase","lacus.Aliquam@sedorci.net","332-498-7850",1,0,"4",87,349,634),(66,"Kelly","Stevens","dignissim.pharetra@magnaseddui.com","345-557-7277",1,1,"2",182,334,699),(67,"Lucian","Page","interdum@tincidunt.edu","384-361-6057",1,1,"4",127,311,603),(68,"Gretchen","Conway","justo.sit.amet@Donec.org","359-995-7736",0,1,"2",61,339,619),(69,"Elliott","Ross","ac@lorem.com","346-335-0871",0,0,"2",143,357,695);
INSERT INTO UsersAccount (id,name,surname,email,telephone,smsNotifications,emailNotifications,creditCardNumber,numberOfCredits,idAddress,idAuthentication) VALUES (70,"Zane","Black","odio.Etiam@Maecenasmifelis.ca","307-902-0862",0,0,"4",134,335,652),(71,"Ferdinand","Jacobson","at.augue@idliberoDonec.co.uk","333-778-8546",1,0,"2",87,384,647),(72,"Azalia","Tyson","laoreet@justonec.ca","390-853-3200",0,0,"7",156,349,601),(73,"Michael","Carver","sapien@Sed.edu","304-240-9749",0,0,"1",120,309,604),(74,"Nell","Sosa","sit@eratvitae.net","386-076-9296",1,0,"9",55,319,679),(75,"Lamar","Roman","Sed.molestie@egestas.net","320-419-9408",0,0,"2",151,392,637),(76,"Justin","Mcfadden","magna.et.ipsum@blanditat.co.uk","328-669-2616",1,1,"3",123,330,636),(77,"Rogan","Morton","pretium@amet.com","364-035-3411",1,0,"7",97,352,602),(78,"Skyler","Gill","non.magna.Nam@ametnulla.com","313-844-0880",0,1,"2",183,389,672),(79,"Luke","Matthews","eget.mollis.lectus@nullamagnamalesuada.co.uk","325-723-6103",0,0,"6",151,377,653);
INSERT INTO UsersAccount (id,name,surname,email,telephone,smsNotifications,emailNotifications,creditCardNumber,numberOfCredits,idAddress,idAuthentication) VALUES (80,"Cara","Sanchez","semper@est.co.uk","300-959-6650",0,1,"7",70,393,616),(81,"Kiayada","Reid","mi@Integersemelit.co.uk","327-144-5485",1,1,"2",150,360,617),(82,"Evan","Mclean","dictum.ultricies.ligula@lectussitamet.co.uk","334-778-3064",0,1,"2",140,341,664),(83,"Mariko","Ferguson","lacus.varius@nunc.net","312-889-7185",1,0,"1",179,363,668),(84,"Sage","Landry","Proin@velitjusto.ca","390-066-3841",1,1,"2",131,385,674),(85,"Avram","Mcintosh","pharetra.Nam.ac@dictum.com","353-049-5655",1,0,"1",158,366,604),(86,"Doris","Schneider","non.dui.nec@purus.com","392-366-3258",0,1,"9",57,314,665),(87,"Maite","Monroe","a.scelerisque@Quisque.com","306-316-2625",0,0,"4",134,311,678),(88,"Eugenia","Maynard","a@Praesentinterdumligula.net","325-867-4654",0,1,"5",127,397,658),(89,"Sade","Nguyen","Etiam.ligula@ut.co.uk","391-555-3158",1,1,"4",106,381,637);
INSERT INTO UsersAccount (id,name,surname,email,telephone,smsNotifications,emailNotifications,creditCardNumber,numberOfCredits,idAddress,idAuthentication) VALUES (90,"Cally","Whitaker","massa.Integer.vitae@mi.com","391-654-5710",0,1,"7",197,324,639),(91,"Finn","Galloway","turpis@mauriselit.ca","306-027-7780",0,0,"9",164,376,652),(92,"Sonya","Estrada","nunc.sit@uteratSed.net","352-147-2680",0,1,"9",52,364,633),(93,"Jarrod","Madden","semper.rutrum.Fusce@Sedeueros.com","316-948-1414",0,1,"6",142,380,696),(94,"Cyrus","Doyle","fringilla.ornare.placerat@magnamalesuada.com","307-686-0597",1,0,"8",140,332,675),(95,"Nita","Wilcox","vulputate.posuere.vulputate@utmiDuis.com","373-340-4799",0,1,"3",146,352,645),(96,"Penelope","Stafford","Nullam.enim@aliquetvel.org","305-881-1679",1,0,"2",81,339,638),(97,"Hedda","Rios","vel.arcu@semmagnanec.org","309-414-1204",0,1,"6",88,309,629),(98,"Audra","Flynn","congue@nequeSedeget.com","390-485-7217",1,1,"2",109,387,666),(99,"Theodore","Moore","ipsum.Suspendisse@dapibusrutrumjusto.edu","387-033-8574",0,0,"5",196,300,627);
INSERT INTO UsersAccount (id,name,surname,email,telephone,smsNotifications,emailNotifications,creditCardNumber,numberOfCredits,idAddress,idAuthentication) VALUES (100,"Deacon","Flowers","cursus.Integer.mollis@erosnectellus.edu","356-380-8007",0,1,"9",155,396,623),(101,"Warren","Rosario","tempor@Integertinciduntaliquam.net","328-494-1802",0,0,"7",90,301,639),(102,"MacKensie","Benton","ac.fermentum@malesuadaut.co.uk","331-658-6158",0,0,"1",70,399,621),(103,"Daria","Park","orci.Ut.sagittis@vulputate.net","303-260-4326",0,1,"8",165,355,641),(104,"Leonard","Martinez","Nullam.nisl@dictumeleifend.edu","325-694-1641",1,1,"3",189,308,607),(105,"Fletcher","Briggs","ipsum@quam.co.uk","361-465-0856",1,1,"9",60,338,649),(106,"MacKensie","Barron","viverra.Donec@ridiculusmus.edu","304-848-0158",1,0,"3",72,334,650),(107,"Regan","Trevino","sociis.natoque@ametultricies.com","321-434-9756",1,0,"4",85,319,658),(108,"Timothy","Fox","nec.ante@sagittis.org","377-731-4342",1,1,"3",162,374,681),(109,"Mark","Hernandez","felis.purus@Aenean.co.uk","331-502-8791",0,0,"6",162,362,648);

/* INSERIMENTO Categories */
INSERT INTO `AsteOnline`.`Categories` (`idCategory`, `name`) VALUES ('1000', 'Sport & Tempo Libero');
INSERT INTO `AsteOnline`.`Categories` (`idCategory`, `name`) VALUES ('1001', 'Arte,Pittura e Arti Grafiche');
INSERT INTO `AsteOnline`.`Categories` (`idCategory`, `name`) VALUES ('1002', 'Altro');
INSERT INTO `AsteOnline`.`Categories` (`idCategory`, `name`) VALUES ('1003', 'Lampade');
INSERT INTO `AsteOnline`.`Categories` (`idCategory`, `name`) VALUES ('1004', 'Argento');
INSERT INTO `AsteOnline`.`Categories` (`idCategory`, `name`) VALUES ('1005', 'Vini & Liquori');
INSERT INTO `AsteOnline`.`Categories` (`idCategory`, `name`) VALUES ('1006', 'Moda & Vintage');
INSERT INTO `AsteOnline`.`Categories` (`idCategory`, `name`) VALUES ('1007', 'Veicoli');
INSERT INTO `AsteOnline`.`Categories` (`idCategory`, `name`) VALUES ('1008', 'Orologi & Pendole');

/* INSERIMENTO ObjectsAndServices */
INSERT INTO `AsteOnline`.`ObjectsAndServices` (`idObjSer`,`name`,`description`,`startPrice`,`isObject`,`isAvailable`,`idCategory`,`idUser`,`idAddress`) VALUES (800,'Orologio','Universal',1600,1,1,1008,600,350);
INSERT INTO `AsteOnline`.`ObjectsAndServices` (`idObjSer`,`name`,`description`,`startPrice`,`isObject`,`isAvailable`,`idCategory`,`idUser`,`idAddress`) VALUES (801,'Maglia','Maglia di Cristiano Ronaldo',2000,1,0,1000,650,370);
INSERT INTO `AsteOnline`.`ObjectsAndServices` (`idObjSer`,`name`,`description`,`startPrice`,`isObject`,`isAvailable`,`idCategory`,`idUser`,`idAddress`) VALUES (802,'Statua','Statua busto donna - Gesso Minerale',1000,1,1,1001,620,390);
INSERT INTO `AsteOnline`.`ObjectsAndServices`  (`idObjSer`,`name`,`description`,`startPrice`,`isObject`,`isAvailable`,`idCategory`,`idUser`,`idAddress`) VALUES (803,'Noleggio','Noleggio Auto',200,0,1,1007,640,310);
INSERT INTO `AsteOnline`.`ObjectsAndServices`  (`idObjSer`,`name`,`description`,`startPrice`,`isObject`,`isAvailable`,`idCategory`,`idUser`,`idAddress`) VALUES (804,'Pallone','Pallone Serie A Italy',500,1,1,1000,690,340);
INSERT INTO `AsteOnline`.`ObjectsAndServices`  (`idObjSer`,`name`,`description`,`startPrice`,`isObject`,`isAvailable`,`idCategory`,`idUser`,`idAddress`) VALUES (805,'Notebook','PC Portatile Lenovo 2015',1200,1,0,1002,602,305);


/* INSERIMENTO ASTE*/
INSERT INTO Auctions (idAuction,state,numTimeSlot,terminationType,cancellationPenalty,timeSlotDuration,startTimeSlot,endTimeSlot,closedEnvelop,winner,idObjSer,decline) VALUES (900,1,5,1,0,"2019-04-21 03:27:58","2019-07-30 18:37:08","2019-08-21 04:37:29",0,683,801,0),(901,0,3,0,0,"2019-08-16 00:45:22","2019-07-31 22:05:37","2019-08-15 21:09:28",0,675,802,0),(902,0,1,1,1,"2019-03-10 19:43:34","2019-09-06 20:16:01","2019-08-25 03:40:16",0,646,803,1),(903,0,5,1,1,"2019-06-22 04:50:46","2019-09-01 05:31:41","2019-08-16 23:25:45",1,659,804,0),(904,1,4,0,1,"2019-07-13 20:42:05","2019-08-11 09:35:51","2019-09-09 21:45:24",1,621,800,0),(905,0,4,1,1,"2019-04-10 23:23:02","2019-09-02 21:14:29","2019-08-19 13:37:49",1,680,800,0),(906,0,2,1,1,"2019-01-27 06:39:37","2019-08-08 12:55:26","2019-08-20 02:50:25",0,681,803,1),(907,0,5,0,0,"2018-11-14 12:26:43","2019-08-21 07:44:12","2019-08-29 11:45:53",0,629,804,1),(908,1,3,0,1,"2019-03-05 07:06:30","2019-09-04 22:14:31","2019-08-24 03:54:58",1,603,805,1),(909,1,2,0,0,"2019-01-20 14:42:22","2019-08-12 01:09:51","2019-08-20 01:22:00",0,675,803,0);
INSERT INTO Auctions (idAuction,state,numTimeSlot,terminationType,cancellationPenalty,timeSlotDuration,startTimeSlot,endTimeSlot,closedEnvelop,winner,idObjSer,decline) VALUES (910,0,1,0,1,"2019-05-19 00:34:22","2019-09-08 21:10:23","2019-08-18 03:14:44",0,641,804,1),(911,1,3,0,0,"2019-05-12 15:28:17","2019-09-05 19:54:51","2019-08-21 22:22:01",1,663,805,1),(912,1,3,1,0,"2018-10-18 20:39:53","2019-08-07 01:12:05","2019-08-27 22:02:18",0,643,801,1),(913,0,5,1,0,"2019-05-14 21:57:11","2019-08-18 21:07:26","2019-08-24 13:00:03",1,639,803,0),(914,0,2,1,0,"2019-08-14 10:26:08","2019-08-30 17:31:46","2019-08-26 11:35:57",1,690,800,1),(915,0,4,1,1,"2019-07-11 04:28:03","2019-08-16 03:55:46","2019-09-03 07:58:10",1,667,804,0),(916,1,4,0,0,"2019-03-15 11:21:50","2019-08-22 07:01:19","2019-09-06 04:37:51",1,675,801,0),(917,1,3,1,1,"2018-08-05 21:46:34","2019-08-02 18:25:03","2019-09-08 16:58:46",1,631,800,0),(918,0,3,1,0,"2019-02-07 12:34:46","2019-08-23 09:50:43","2019-08-22 15:42:31",0,674,801,1),(919,0,2,1,1,"2019-02-11 16:57:14","2019-08-13 10:40:30","2019-09-07 05:39:44",1,682,801,1);
INSERT INTO Auctions (idAuction,state,numTimeSlot,terminationType,cancellationPenalty,timeSlotDuration,startTimeSlot,endTimeSlot,closedEnvelop,winner,idObjSer,decline) VALUES (920,1,2,0,1,"2018-10-19 12:57:12","2019-09-03 16:10:00","2019-09-04 09:49:32",0,619,801,0),(921,1,4,0,1,"2019-07-01 02:10:55","2019-08-07 08:41:00","2019-09-01 12:31:47",0,657,803,0),(922,1,3,1,1,"2018-09-25 23:09:36","2019-08-03 14:31:39","2019-08-29 10:26:10",0,684,803,1),(923,1,5,1,0,"2018-12-01 13:17:33","2019-08-14 18:21:19","2019-08-21 23:02:47",0,668,800,1),(924,1,2,0,0,"2018-09-10 22:21:12","2019-09-03 09:38:13","2019-08-18 13:05:35",1,651,803,0),(925,0,4,0,1,"2019-04-20 00:39:37","2019-09-06 23:27:25","2019-08-15 04:01:08",0,652,801,1),(926,1,4,0,0,"2018-08-30 17:22:47","2019-09-06 00:51:52","2019-08-20 10:01:26",0,676,803,0),(927,0,4,0,1,"2018-12-31 12:45:44","2019-08-24 05:49:03","2019-08-24 07:04:06",0,649,801,0),(928,0,1,0,0,"2019-08-01 10:14:43","2019-08-15 14:44:27","2019-08-31 20:58:44",0,677,804,0),(929,1,2,1,0,"2019-02-23 21:19:14","2019-08-02 15:40:47","2019-09-09 17:28:30",1,667,801,1);
INSERT INTO Auctions (idAuction,state,numTimeSlot,terminationType,cancellationPenalty,timeSlotDuration,startTimeSlot,endTimeSlot,closedEnvelop,winner,idObjSer,decline) VALUES (930,1,1,1,1,"2019-08-21 12:51:19","2019-08-25 18:36:20","2019-08-30 05:55:00",1,675,802,1),(931,1,4,0,0,"2019-06-12 16:00:07","2019-08-14 13:40:21","2019-08-17 03:20:17",0,675,802,1),(932,0,5,0,1,"2018-09-18 16:02:44","2019-08-19 15:05:25","2019-09-01 11:33:52",0,632,805,0),(933,0,2,0,0,"2019-07-03 16:07:24","2019-08-28 19:48:31","2019-09-08 19:55:05",1,611,800,0),(934,1,5,0,0,"2018-10-18 02:49:20","2019-08-22 16:34:07","2019-09-04 18:21:32",0,633,803,0),(935,0,5,0,1,"2019-03-28 08:17:36","2019-08-02 16:20:20","2019-08-30 21:34:05",1,668,803,1),(936,0,5,0,0,"2019-03-05 18:26:16","2019-09-04 02:11:39","2019-09-09 15:46:09",0,630,803,1),(937,0,4,0,1,"2019-08-22 20:12:30","2019-08-08 19:34:37","2019-08-30 01:27:39",1,620,805,0),(938,0,5,0,1,"2019-08-29 18:52:17","2019-08-24 08:44:16","2019-09-07 04:41:59",1,656,801,1),(939,0,3,1,0,"2018-10-13 05:31:22","2019-08-10 05:42:27","2019-09-06 00:06:44",0,611,803,0);
INSERT INTO Auctions (idAuction,state,numTimeSlot,terminationType,cancellationPenalty,timeSlotDuration,startTimeSlot,endTimeSlot,closedEnvelop,winner,idObjSer,decline) VALUES (940,1,2,1,1,"2018-09-16 08:04:19","2019-08-11 13:21:52","2019-09-02 12:55:34",0,643,801,0),(941,0,3,0,1,"2019-05-02 20:22:32","2019-09-02 00:36:10","2019-08-25 12:06:57",1,621,804,1),(942,0,1,0,0,"2018-08-31 06:46:40","2019-08-06 09:46:22","2019-08-24 12:13:26",0,650,805,1),(943,0,2,0,0,"2019-06-11 18:29:56","2019-08-02 11:49:06","2019-08-16 09:57:07",1,631,802,1),(944,1,1,1,0,"2019-05-04 01:49:24","2019-09-07 20:50:02","2019-08-31 06:44:00",0,682,804,1),(945,0,1,0,1,"2019-03-11 18:04:40","2019-09-08 06:24:03","2019-09-01 21:08:32",0,629,800,0),(946,0,3,0,0,"2019-05-21 11:12:11","2019-08-14 18:20:58","2019-08-16 16:05:11",0,608,800,0),(947,1,3,0,0,"2019-06-04 06:21:58","2019-08-22 23:39:46","2019-08-26 11:44:13",1,681,801,0),(948,1,3,1,1,"2018-07-28 21:43:11","2019-08-28 00:37:32","2019-08-23 06:04:45",1,661,802,1),(949,1,2,1,0,"2019-04-19 12:44:14","2019-08-04 20:51:32","2019-08-15 07:41:33",1,688,802,1);
INSERT INTO Auctions (idAuction,state,numTimeSlot,terminationType,cancellationPenalty,timeSlotDuration,startTimeSlot,endTimeSlot,closedEnvelop,winner,idObjSer,decline) VALUES (950,0,1,1,0,"2018-09-04 00:18:40","2019-08-19 06:07:13","2019-09-06 15:11:59",0,609,803,1),(951,1,3,1,0,"2019-03-01 19:39:53","2019-08-28 12:26:53","2019-09-01 15:37:47",1,658,801,0),(952,0,4,0,0,"2018-10-03 19:58:14","2019-08-08 14:00:57","2019-08-22 17:25:31",1,677,805,1),(953,0,1,0,0,"2019-04-28 11:52:18","2019-09-06 05:21:52","2019-08-15 20:10:52",0,660,800,0),(954,0,1,0,0,"2018-09-21 05:11:39","2019-08-17 21:04:14","2019-08-21 16:44:40",0,679,805,0),(955,0,5,1,0,"2018-08-21 08:24:46","2019-08-30 14:57:08","2019-09-02 16:45:33",0,632,805,1),(956,1,1,0,0,"2018-09-04 15:51:03","2019-09-03 22:25:34","2019-08-22 07:51:08",0,656,803,1),(957,1,4,1,1,"2019-07-02 12:52:53","2019-09-04 11:36:30","2019-09-02 19:28:16",1,614,801,1),(958,0,5,1,0,"2019-03-31 19:22:44","2019-09-07 08:24:42","2019-08-26 04:44:11",0,637,803,0),(959,0,2,1,1,"2019-08-22 21:49:20","2019-08-12 08:20:57","2019-08-22 02:53:03",1,661,803,0);
INSERT INTO Auctions (idAuction,state,numTimeSlot,terminationType,cancellationPenalty,timeSlotDuration,startTimeSlot,endTimeSlot,closedEnvelop,winner,idObjSer,decline) VALUES (960,0,3,1,1,"2019-04-27 21:29:06","2019-09-06 20:47:54","2019-08-19 16:57:42",0,681,804,0),(961,0,2,0,0,"2019-03-30 19:49:55","2019-08-06 09:29:46","2019-08-25 12:19:38",0,618,804,0),(962,0,3,0,1,"2019-08-21 07:10:46","2019-08-25 08:45:43","2019-08-16 20:29:59",0,675,803,0),(963,0,5,1,0,"2018-09-17 01:40:54","2019-08-20 23:46:57","2019-08-17 05:16:47",1,654,804,1),(964,0,1,1,0,"2019-08-04 15:31:19","2019-08-11 02:15:10","2019-09-05 12:02:06",1,666,801,1),(965,1,5,0,0,"2019-05-17 18:29:41","2019-09-01 23:12:31","2019-08-26 06:38:04",0,653,803,0),(966,1,4,1,1,"2019-01-01 20:29:21","2019-08-02 08:08:17","2019-08-26 20:49:29",0,688,805,1),(967,1,4,0,0,"2019-05-11 05:03:28","2019-07-31 02:20:57","2019-08-31 16:34:49",1,656,803,1),(968,1,2,1,1,"2019-03-11 13:25:08","2019-08-31 17:59:23","2019-08-21 07:50:43",1,668,805,0),(969,0,2,1,1,"2019-01-02 01:20:08","2019-09-04 17:21:12","2019-08-17 08:10:11",0,602,801,1);
INSERT INTO Auctions (idAuction,state,numTimeSlot,terminationType,cancellationPenalty,timeSlotDuration,startTimeSlot,endTimeSlot,closedEnvelop,winner,idObjSer,decline) VALUES (970,1,1,1,0,"2019-07-19 01:50:22","2019-08-11 17:01:34","2019-08-24 22:53:45",0,636,801,0),(971,0,2,1,0,"2019-04-11 08:34:12","2019-08-17 06:01:32","2019-08-22 13:59:12",0,604,805,1),(972,0,1,1,0,"2019-07-19 10:25:10","2019-08-05 05:00:19","2019-08-22 22:42:15",0,661,802,1),(973,0,4,0,0,"2019-06-11 17:10:20","2019-08-31 06:56:51","2019-08-30 12:43:14",0,675,804,1),(974,0,3,0,0,"2018-09-30 04:48:05","2019-09-07 08:56:38","2019-09-03 12:56:36",1,620,802,0),(975,0,3,0,0,"2018-08-16 15:29:56","2019-08-02 01:36:30","2019-08-24 11:12:11",0,601,800,1),(976,0,5,1,1,"2018-11-15 09:56:06","2019-08-20 12:41:15","2019-08-30 22:03:28",0,607,804,1),(977,1,2,1,0,"2018-09-13 17:04:45","2019-08-05 08:58:38","2019-09-01 13:19:21",1,627,802,0),(978,1,3,0,0,"2019-08-11 15:29:28","2019-09-08 20:47:36","2019-08-19 11:54:54",0,655,805,1),(979,0,4,1,0,"2019-01-08 14:45:08","2019-08-10 02:20:03","2019-08-22 09:45:16",1,618,803,0);
INSERT INTO Auctions (idAuction,state,numTimeSlot,terminationType,cancellationPenalty,timeSlotDuration,startTimeSlot,endTimeSlot,closedEnvelop,winner,idObjSer,decline) VALUES (980,1,5,0,1,"2019-06-13 12:16:10","2019-08-04 18:18:00","2019-09-06 18:19:26",0,610,801,0),(981,0,1,1,1,"2018-08-25 12:05:11","2019-07-31 23:46:58","2019-09-02 22:46:09",0,646,803,0),(982,1,3,0,0,"2019-04-08 22:07:13","2019-08-15 00:13:42","2019-08-24 12:35:16",0,668,802,1),(983,1,2,1,1,"2019-04-06 16:53:30","2019-08-19 07:18:17","2019-08-18 11:19:40",0,660,805,0),(984,1,3,1,1,"2019-04-08 19:51:34","2019-08-23 00:22:08","2019-08-21 03:13:17",0,622,805,1),(985,0,1,1,1,"2019-07-07 21:34:46","2019-09-02 15:17:23","2019-08-26 20:25:09",1,680,800,0),(986,1,5,1,0,"2019-02-07 11:47:37","2019-08-20 20:32:41","2019-08-21 12:24:19",1,635,803,1),(987,1,5,0,0,"2018-07-31 20:00:10","2019-09-02 10:46:31","2019-08-19 04:11:00",1,649,804,0),(988,1,3,1,1,"2018-08-30 09:31:11","2019-09-07 01:59:46","2019-09-08 15:27:24",1,647,803,1),(989,1,1,1,0,"2019-07-14 10:11:43","2019-08-11 15:37:03","2019-08-31 16:10:39",1,644,803,0);
INSERT INTO Auctions (idAuction,state,numTimeSlot,terminationType,cancellationPenalty,timeSlotDuration,startTimeSlot,endTimeSlot,closedEnvelop,winner,idObjSer,decline) VALUES (990,0,2,0,1,"2018-11-22 17:47:08","2019-08-01 15:00:44","2019-09-05 16:31:07",0,651,801,0),(991,1,2,0,0,"2019-07-05 10:23:12","2019-09-05 00:06:52","2019-08-19 04:28:38",0,619,805,1),(992,0,3,0,0,"2018-09-06 15:01:47","2019-08-26 15:32:11","2019-09-08 07:33:35",1,672,805,1),(993,1,2,0,0,"2019-04-23 12:28:10","2019-08-17 05:14:06","2019-09-09 02:24:39",0,600,802,1),(994,0,2,0,0,"2019-04-16 08:52:44","2019-08-29 03:13:21","2019-09-05 21:35:56",1,652,805,1),(995,1,1,0,1,"2019-03-01 20:10:16","2019-08-30 01:55:25","2019-08-21 03:21:34",1,607,801,1),(996,1,4,1,1,"2018-09-18 09:48:26","2019-08-01 17:24:35","2019-09-08 20:21:04",1,609,803,1),(997,1,4,0,0,"2019-02-09 04:42:39","2019-08-11 14:20:29","2019-08-23 10:19:54",0,688,802,0),(998,1,3,0,1,"2019-04-28 23:25:01","2019-09-05 02:36:42","2019-08-15 02:11:20",1,647,804,0),(999,1,5,0,0,"2019-04-20 11:40:49","2019-08-31 17:40:50","2019-08-25 07:28:26",1,611,804,0);


/*INSERIMENTO OFFERS*/
INSERT INTO Offers (idOffer,amountOfferes,offerTime,idOfferent,idAuction) VALUES (500,"52.10","2019-08-25 03:17:47",623,988),(501,"85.44","2019-08-09 11:59:42",663,907),(502,"81.22","2019-08-12 02:16:53",666,938),(503,"99.57","2019-08-04 17:26:18",633,911),(504,"55.46","2019-08-23 07:26:25",681,953),(505,"98.46","2019-08-11 11:45:07",625,929),(506,"61.39","2019-08-09 06:43:58",644,952),(507,"59.09","2019-08-20 18:52:37",677,913),(508,"62.95","2019-08-05 05:22:05",604,963),(509,"88.70","2019-08-14 07:28:15",635,907);
INSERT INTO Offers (idOffer,amountOfferes,offerTime,idOfferent,idAuction) VALUES (510,"81.27","2019-07-30 20:18:07",607,901),(511,"89.34","2019-08-23 08:24:27",627,926),(512,"58.98","2019-07-30 05:39:27",689,960),(513,"66.43","2019-08-27 21:14:06",667,975),(514,"67.08","2019-08-28 21:41:26",681,954),(515,"93.70","2019-08-25 04:32:50",647,981),(516,"77.64","2019-08-10 05:40:52",622,948),(517,"65.12","2019-08-05 07:03:59",616,987),(518,"96.35","2019-08-09 09:55:31",688,954),(519,"69.75","2019-08-21 03:51:34",602,909);
INSERT INTO Offers (idOffer,amountOfferes,offerTime,idOfferent,idAuction) VALUES (520,"59.48","2019-08-29 07:57:39",673,978),(521,"83.13","2019-09-01 20:22:48",641,936),(522,"68.53","2019-07-31 08:35:56",619,959),(523,"55.56","2019-08-22 18:19:39",625,971),(524,"66.16","2019-08-03 12:26:05",653,941),(525,"89.48","2019-08-11 16:45:38",661,904),(526,"68.83","2019-08-09 13:26:28",690,985),(527,"91.66","2019-08-20 22:58:34",624,954),(528,"83.91","2019-08-04 06:06:05",651,926),(529,"63.97","2019-08-04 18:10:15",682,928);
INSERT INTO Offers (idOffer,amountOfferes,offerTime,idOfferent,idAuction) VALUES (530,"58.09","2019-08-06 18:42:03",616,956),(531,"85.01","2019-07-30 22:37:22",668,915),(532,"54.66","2019-08-06 16:26:02",649,955),(533,"97.34","2019-08-02 23:54:39",610,923),(534,"57.65","2019-08-29 03:10:48",664,908),(535,"87.94","2019-08-13 06:52:38",626,951),(536,"82.43","2019-08-23 20:52:52",651,910),(537,"56.45","2019-08-29 12:47:05",622,934),(538,"69.09","2019-08-13 15:56:43",678,980),(539,"75.18","2019-08-28 04:30:34",657,909);
INSERT INTO Offers (idOffer,amountOfferes,offerTime,idOfferent,idAuction) VALUES (540,"86.77","2019-08-13 01:04:26",601,943),(541,"89.30","2019-08-20 22:21:18",675,966),(542,"69.50","2019-08-14 09:35:45",638,902),(543,"81.23","2019-08-28 17:23:27",627,919),(544,"59.92","2019-08-26 04:01:44",617,956),(545,"69.25","2019-08-29 08:19:03",609,903),(546,"77.07","2019-08-08 12:41:25",615,917),(547,"67.69","2019-08-15 15:16:14",658,989),(548,"95.75","2019-08-02 19:28:22",653,902),(549,"76.30","2019-08-26 01:48:19",644,947);
INSERT INTO Offers (idOffer,amountOfferes,offerTime,idOfferent,idAuction) VALUES (550,"65.90","2019-08-08 15:35:54",618,920),(551,"58.65","2019-08-14 13:28:31",668,986),(552,"99.90","2019-08-10 21:17:58",658,977),(553,"54.55","2019-08-19 15:59:42",685,929),(554,"69.74","2019-08-10 08:07:45",681,979),(555,"75.05","2019-08-11 11:13:00",622,932),(556,"81.76","2019-07-30 07:45:44",628,983),(557,"56.91","2019-08-03 06:24:57",605,971),(558,"76.59","2019-08-27 06:49:01",607,959),(559,"70.59","2019-08-13 03:48:02",656,915);
INSERT INTO Offers (idOffer,amountOfferes,offerTime,idOfferent,idAuction) VALUES (560,"89.25","2019-08-31 21:51:57",614,973),(561,"63.92","2019-08-09 04:30:41",680,984),(562,"94.35","2019-08-03 05:04:38",684,909),(563,"66.14","2019-08-04 06:03:50",630,969),(564,"85.75","2019-08-04 19:11:23",679,987),(565,"71.27","2019-08-14 08:41:58",620,983),(566,"67.00","2019-08-03 07:40:20",680,924),(567,"83.85","2019-08-25 07:22:04",610,984),(568,"52.80","2019-08-18 20:51:01",603,905),(569,"74.82","2019-08-10 07:00:26",605,942);
INSERT INTO Offers (idOffer,amountOfferes,offerTime,idOfferent,idAuction) VALUES (570,"87.01","2019-08-27 09:05:18",688,984),(571,"76.00","2019-08-14 13:35:39",667,928),(572,"55.65","2019-08-07 19:53:06",622,946),(573,"89.57","2019-08-10 15:50:04",623,970),(574,"50.88","2019-08-15 05:23:27",635,947),(575,"96.93","2019-08-31 04:10:19",600,920),(576,"94.67","2019-08-09 12:07:42",681,939),(577,"88.24","2019-08-09 19:34:57",614,969),(578,"97.40","2019-09-01 16:10:16",688,900),(579,"81.14","2019-08-08 01:28:24",611,901);
INSERT INTO Offers (idOffer,amountOfferes,offerTime,idOfferent,idAuction) VALUES (580,"99.81","2019-08-12 01:59:19",674,935),(581,"87.44","2019-08-22 19:05:24",609,969),(582,"76.82","2019-08-10 10:44:02",609,904),(583,"73.86","2019-08-13 11:43:47",674,950),(584,"78.11","2019-08-20 15:49:02",633,960),(585,"85.84","2019-08-18 05:16:06",637,931),(586,"79.58","2019-08-13 22:12:00",603,990),(587,"91.69","2019-08-28 13:26:44",609,943),(588,"76.96","2019-08-12 00:57:29",680,918),(589,"65.76","2019-08-30 22:08:48",614,944);
INSERT INTO Offers (idOffer,amountOfferes,offerTime,idOfferent,idAuction) VALUES (590,"83.82","2019-08-31 14:10:14",651,977),(591,"83.87","2019-08-09 18:49:44",687,930),(592,"60.34","2019-08-04 10:33:37",672,971),(593,"54.16","2019-08-01 04:06:53",666,955),(594,"94.06","2019-08-08 01:29:39",618,946),(595,"52.99","2019-08-24 23:18:35",609,954),(596,"52.81","2019-08-11 20:06:49",624,934),(597,"86.35","2019-08-29 07:48:55",665,989),(598,"75.27","2019-08-15 10:14:05",688,929),(599,"68.08","2019-08-12 05:15:39",617,912);

/*INSERIMENTO ATTRIBUTES*/
INSERT INTO Attributes (`idAttribute`,`name`) VALUES (2000,'colore rosso');
INSERT INTO Attributes (`idAttribute`,`name`) VALUES (2001,'taglia M');
INSERT INTO Attributes (`idAttribute`,`name`) VALUES (2002,'altezza 2metri');
INSERT INTO Attributes (`idAttribute`,`name`) VALUES (2003,'alto');
INSERT INTO Attributes (`idAttribute`,`name`) VALUES (2004,'prodotto in P.R.C');
INSERT INTO Attributes (`idAttribute`,`name`) VALUES (2005,'colore giallo');
INSERT INTO Attributes (`idAttribute`,`name`) VALUES (2006,'taglia L');

/* INSERIMENTO AttributesCategoriesMap */
INSERT INTO AttributesCategoriesMap (`id`,`idCategory`,`idAttribute`) VALUES (7000,1001,2000);
INSERT INTO AttributesCategoriesMap (`id`,`idCategory`,`idAttribute`) VALUES (7001,1002,2002);
INSERT INTO AttributesCategoriesMap (`id`,`idCategory`,`idAttribute`) VALUES (7002,1003,2001);
INSERT INTO AttributesCategoriesMap (`id`,`idCategory`,`idAttribute`) VALUES (7003,1004,2003);
INSERT INTO AttributesCategoriesMap (`id`,`idCategory`,`idAttribute`) VALUES (7004,1004,2004);
INSERT INTO AttributesCategoriesMap (`id`,`idCategory`,`idAttribute`) VALUES (7005,1002,2000);